R,Y,M,hecke_err,coeff_err,coefffile,S500,S1000,S2000,S5000
32.018406433625,0.02,562,4.056e-12,1.228e-10,outputs/scan_postprocess/R_32.018406433625/coeffs_R_32.018406433625_Y_0.020.txt,-2.651531,-4.635533,-6.05229,-7.078645
32.018406433625,0.01,1120,1.071e-10,1.228e-10,outputs/scan_postprocess/R_32.018406433625/coeffs_R_32.018406433625_Y_0.010.txt,-3.532503,-7.671567,-11.405928,-14.527243
33.492331282392,0.02,579,1.815e-12,4.508e-11,outputs/scan_postprocess/R_33.492331282392/coeffs_R_33.492331282392_Y_0.020.txt,-2.607303,-2.022798,-1.512881,-1.113381
33.492331282392,0.01,1153,2.05e-12,4.508e-11,outputs/scan_postprocess/R_33.492331282392/coeffs_R_33.492331282392_Y_0.010.txt,-4.47669,-6.193398,-7.808928,-9.199125
34.185969933076,0.02,586,2.512e-10,1.395e-09,outputs/scan_postprocess/R_34.185969933076/coeffs_R_34.185969933076_Y_0.020.txt,-1.294412,-0.909909,-0.729249,-0.625757
34.185969933076,0.01,1168,3.566e-10,1.395e-09,outputs/scan_postprocess/R_34.185969933076/coeffs_R_34.185969933076_Y_0.010.txt,-1.181807,-0.986784,-1.293793,-1.783444
34.695310409763,0.02,592,5.332e-13,1.949e-11,outputs/scan_postprocess/R_34.695310409763/coeffs_R_34.695310409763_Y_0.020.txt,-4.756955,-6.872145,-8.154972,-9.004669
34.695310409763,0.01,1180,6.275e-12,1.949e-11,outputs/scan_postprocess/R_34.695310409763/coeffs_R_34.695310409763_Y_0.010.txt,-6.245929,-10.187323,-13.098652,-15.284214
